split,budget,method,seed,coverage,accepted_success,accepted_safety_violation,accepted_regret,accepted_utility,accepted_cost
combined_failure_stress,0.00,conformal_risk_shield,0,0.010416666666666666,1.0,0.0,0.112904,0.8907466666666667,0.06715666666666667
combined_failure_stress,0.00,conformal_risk_shield,1,0.0,0.0,0.0,0.0,0.0,0.0
combined_failure_stress,0.00,conformal_risk_shield,2,0.0,0.0,0.0,0.0,0.0,0.0
combined_failure_stress,0.00,conformal_risk_shield,3,0.0,0.0,0.0,0.0,0.0,0.0
combined_failure_stress,0.00,conformal_risk_shield,4,0.0,0.0,0.0,0.0,0.0,0.0
combined_failure_stress,0.00,conformal_risk_shield,5,0.10069444444444445,1.0,0.0,0.10749210344827587,0.893831551724138,0.06872013793103449
combined_failure_stress,0.00,conformal_risk_shield,6,0.0,0.0,0.0,0.0,0.0,0.0
combined_failure_stress,0.00,conformal_risk_shield,7,0.0,0.0,0.0,0.0,0.0,0.0
combined_failure_stress,0.00,conformal_risk_shield,8,0.0,0.0,0.0,0.0,0.0,0.0
combined_failure_stress,0.00,conformal_risk_shield,9,0.0,0.0,0.0,0.0,0.0,0.0
combined_failure_stress,0.00,constraint_aware_mpc,0,0.0,0.0,0.0,0.0,0.0,0.0
combined_failure_stress,0.00,constraint_aware_mpc,1,0.003472222222222222,1.0,0.0,0.042365,0.945173,0.055937
combined_failure_stress,0.00,constraint_aware_mpc,2,0.0,0.0,0.0,0.0,0.0,0.0
combined_failure_stress,0.00,constraint_aware_mpc,3,0.0,0.0,0.0,0.0,0.0,0.0
combined_failure_stress,0.00,constraint_aware_mpc,4,0.0,0.0,0.0,0.0,0.0,0.0
combined_failure_stress,0.00,constraint_aware_mpc,5,0.0,0.0,0.0,0.0,0.0,0.0
combined_failure_stress,0.00,constraint_aware_mpc,6,0.0,0.0,0.0,0.0,0.0,0.0
combined_failure_stress,0.00,constraint_aware_mpc,7,0.020833333333333332,1.0,0.0,0.0404245,0.9479805,0.05271666666666667
combined_failure_stress,0.00,constraint_aware_mpc,8,0.0,0.0,0.0,0.0,0.0,0.0
combined_failure_stress,0.00,constraint_aware_mpc,9,0.0,0.0,0.0,0.0,0.0,0.0
combined_failure_stress,0.00,cost_calibrated_failure_predictive_morphology_v5,0,0.3090277777777778,1.0,0.0,0.02994596629213483,0.9562981011235955,0.05053278651685393
combined_failure_stress,0.00,cost_calibrated_failure_predictive_morphology_v5,1,0.08680555555555555,1.0,0.0,0.03916132,0.94995908,0.0502844
combined_failure_stress,0.00,cost_calibrated_failure_predictive_morphology_v5,2,0.125,1.0,0.0,0.012960777777777778,0.9679462222222223,0.051069361111111114
combined_failure_stress,0.00,cost_calibrated_failure_predictive_morphology_v5,3,0.34375,1.0,0.0,0.03526290909090909,0.9526586666666667,0.05034949494949495
combined_failure_stress,0.00,cost_calibrated_failure_predictive_morphology_v5,4,0.2013888888888889,1.0,0.0,0.03297694827586207,0.954377172413793,0.050086775862068965
combined_failure_stress,0.00,cost_calibrated_failure_predictive_morphology_v5,5,0.3888888888888889,1.0,0.15178571428571427,0.049255178571428575,0.7531205,0.05037500892857143
combined_failure_stress,0.00,cost_calibrated_failure_predictive_morphology_v5,6,0.09375,1.0,0.0,0.037732481481481485,0.9511754814814815,0.04980374074074074
combined_failure_stress,0.00,cost_calibrated_failure_predictive_morphology_v5,7,0.1701388888888889,1.0,0.0,0.03645408163265306,0.9521688571428572,0.049585163265306126
combined_failure_stress,0.00,cost_calibrated_failure_predictive_morphology_v5,8,0.2534722222222222,1.0,0.0,0.03703928767123288,0.9515332465753424,0.050087164383561644
combined_failure_stress,0.00,cost_calibrated_failure_predictive_morphology_v5,9,0.3159722222222222,1.0,0.0,0.025630505494505493,0.959285054945055,0.05060802197802198
combined_failure_stress,0.00,meta_adaptive_mpc,0,0.07291666666666667,1.0,0.0,0.023668857142857144,0.9572433333333333,0.058196619047619046
combined_failure_stress,0.00,meta_adaptive_mpc,1,0.013888888888888888,1.0,0.0,0.04720325,0.941833,0.05583225
combined_failure_stress,0.00,meta_adaptive_mpc,2,0.017361111111111112,1.0,0.0,0.0606944,0.9319774000000001,0.056747200000000005
combined_failure_stress,0.00,meta_adaptive_mpc,3,0.1076388888888889,1.0,0.0,0.015284903225806452,0.9627253870967741,0.059056064516129034
combined_failure_stress,0.00,meta_adaptive_mpc,4,0.18055555555555555,1.0,0.0,0.02336898076923077,0.9570980384615385,0.05898619230769231
combined_failure_stress,0.00,meta_adaptive_mpc,5,0.125,1.0,0.0,0.01067025,0.9659778611111111,0.059006777777777776
combined_failure_stress,0.00,meta_adaptive_mpc,6,0.0,0.0,0.0,0.0,0.0,0.0
combined_failure_stress,0.00,meta_adaptive_mpc,7,0.06597222222222222,1.0,0.0,0.016267263157894736,0.9621805263157894,0.05873863157894737
combined_failure_stress,0.00,meta_adaptive_mpc,8,0.0625,1.0,0.0,0.021864166666666667,0.9586311111111111,0.05792016666666667
combined_failure_stress,0.00,meta_adaptive_mpc,9,0.09722222222222222,1.0,0.8928571428571429,0.11490235714285714,-0.22291521428571429,0.058693607142857145
combined_failure_stress,0.00,online_system_identification,0,0.08333333333333333,1.0,0.0,0.011689291666666667,0.9649760416666666,0.05964775
combined_failure_stress,0.00,online_system_identification,1,0.08333333333333333,1.0,0.0,0.0179635,0.9603725,0.060118125
combined_failure_stress,0.00,online_system_identification,2,0.013888888888888888,1.0,0.0,0.0207345,0.96030775,0.05595175
combined_failure_stress,0.00,online_system_identification,3,0.003472222222222222,1.0,0.0,0.0,0.973863,0.058083
combined_failure_stress,0.00,online_system_identification,4,0.125,1.0,0.0,0.013793027777777777,0.9639274999999999,0.05870533333333333
combined_failure_stress,0.00,online_system_identification,5,0.09722222222222222,1.0,0.0,0.002168357142857143,0.9711527142857143,0.060732214285714285
combined_failure_stress,0.00,online_system_identification,6,0.0798611111111111,1.0,0.0,0.0034748695652173913,0.9706084347826087,0.05990926086956522
combined_failure_stress,0.00,online_system_identification,7,0.052083333333333336,1.0,0.0,0.0170554,0.9618331333333333,0.05828506666666667
combined_failure_stress,0.00,online_system_identification,8,0.1840277777777778,1.0,0.0,0.009617943396226415,0.9660914339622642,0.06039120754716981
combined_failure_stress,0.00,online_system_identification,9,0.14930555555555555,1.0,0.0,0.011721348837209303,0.9652406046511628,0.059009976744186045
combined_failure_stress,0.00,risk_aware_intervention_policy,0,0.09375,1.0,0.0,0.036403962962962964,0.9457677037037037,0.06388785185185185
combined_failure_stress,0.00,risk_aware_intervention_policy,1,0.2048611111111111,1.0,0.0,0.06638513559322035,0.9247931525423729,0.0638605593220339
combined_failure_stress,0.00,risk_aware_intervention_policy,2,0.3298611111111111,1.0,0.0,0.0715423052631579,0.9211281263157894,0.06398283157894737
combined_failure_stress,0.00,risk_aware_intervention_policy,3,0.010416666666666666,1.0,0.0,0.09648133333333334,0.90499,0.06105133333333333
combined_failure_stress,0.00,risk_aware_intervention_policy,4,0.19444444444444445,1.0,0.0,0.07318344642857143,0.9198284821428572,0.06431783928571429
combined_failure_stress,0.00,risk_aware_intervention_policy,5,0.09375,1.0,0.0,0.05147966666666667,0.9351125925925926,0.06411477777777778
combined_failure_stress,0.00,risk_aware_intervention_policy,6,0.20833333333333334,1.0,0.0,0.07658676666666667,0.9179009333333333,0.06330748333333333
combined_failure_stress,0.00,risk_aware_intervention_policy,7,0.0,0.0,0.0,0.0,0.0,0.0
combined_failure_stress,0.00,risk_aware_intervention_policy,8,0.0,0.0,0.0,0.0,0.0,0.0
combined_failure_stress,0.00,risk_aware_intervention_policy,9,0.04861111111111111,1.0,0.0,0.07885535714285714,0.9168102857142857,0.062202
combined_failure_stress,0.05,conformal_risk_shield,0,0.2326388888888889,0.9850746268656716,0.0,0.14064986567164178,0.8551723582089552,0.06988283582089552
combined_failure_stress,0.05,conformal_risk_shield,1,0.034722222222222224,1.0,0.0,0.1495678,0.8643164,0.0688579
combined_failure_stress,0.05,conformal_risk_shield,2,0.003472222222222222,1.0,0.0,0.159032,0.860508,0.0626
combined_failure_stress,0.05,conformal_risk_shield,3,0.10069444444444445,0.7586206896551724,0.0,0.15881506896551725,0.6165236551724138,0.06872555172413793
combined_failure_stress,0.05,conformal_risk_shield,4,0.2013888888888889,1.0,0.0,0.14504855172413794,0.8670811724137931,0.06974398275862069
combined_failure_stress,0.05,conformal_risk_shield,5,0.3645833333333333,0.9714285714285714,0.0,0.12879718095238096,0.849930238095238,0.06964510476190476
combined_failure_stress,0.05,conformal_risk_shield,6,0.12152777777777778,1.0,0.0,0.13808145714285713,0.8714315142857143,0.07091445714285714
combined_failure_stress,0.05,conformal_risk_shield,7,0.125,1.0,0.0,0.1335353611111111,0.8749985,0.07005916666666667
combined_failure_stress,0.05,conformal_risk_shield,8,0.003472222222222222,1.0,0.0,0.149686,0.86705,0.0626
combined_failure_stress,0.05,conformal_risk_shield,9,0.09722222222222222,1.0,0.0,0.15066982142857144,0.8665869285714286,0.06209814285714286
combined_failure_stress,0.05,constraint_aware_mpc,0,0.0,0.0,0.0,0.0,0.0,0.0
combined_failure_stress,0.05,constraint_aware_mpc,1,0.041666666666666664,1.0,0.0,0.06066116666666667,0.93312575,0.054247583333333335
combined_failure_stress,0.05,constraint_aware_mpc,2,0.0,0.0,0.0,0.0,0.0,0.0
combined_failure_stress,0.05,constraint_aware_mpc,3,0.010416666666666666,1.0,0.0,0.08663933333333333,0.914816,0.05452566666666667
combined_failure_stress,0.05,constraint_aware_mpc,4,0.027777777777777776,1.0,0.0,0.08719975,0.914518,0.0543155
combined_failure_stress,0.05,constraint_aware_mpc,5,0.04861111111111111,1.0,0.0,0.08559342857142857,0.9155713571428571,0.05447357142857143
combined_failure_stress,0.05,constraint_aware_mpc,6,0.07291666666666667,1.0,0.0,0.07710319047619048,0.9216465714285714,0.05418052380952381
combined_failure_stress,0.05,constraint_aware_mpc,7,0.1076388888888889,1.0,0.0,0.06112532258064516,0.9322406451612903,0.055492483870967745
combined_failure_stress,0.05,constraint_aware_mpc,8,0.08333333333333333,1.0,0.0,0.07292191666666667,0.9243975833333333,0.05457125
combined_failure_stress,0.05,constraint_aware_mpc,9,0.006944444444444444,1.0,0.0,0.09287100000000001,0.9118615,0.051398
combined_failure_stress,0.05,cost_calibrated_failure_predictive_morphology_v5,0,0.3715277777777778,1.0,0.0,0.03354054205607477,0.9535635514018691,0.05101794392523364
combined_failure_stress,0.05,cost_calibrated_failure_predictive_morphology_v5,1,0.2326388888888889,0.8805970149253731,0.014925373134328358,0.07210559701492537,0.7884806865671642,0.051079313432835824
combined_failure_stress,0.05,cost_calibrated_failure_predictive_morphology_v5,2,0.125,1.0,0.0,0.012960777777777778,0.9679462222222223,0.051069361111111114
combined_failure_stress,0.05,cost_calibrated_failure_predictive_morphology_v5,3,0.5138888888888888,0.9527027027027027,0.0,0.047298277027027026,0.8967087297297297,0.050855945945945946
combined_failure_stress,0.05,cost_calibrated_failure_predictive_morphology_v5,4,0.34375,0.9595959595959596,0.04040404040404041,0.06129626262626262,0.8434266363636364,0.050571060606060605
combined_failure_stress,0.05,cost_calibrated_failure_predictive_morphology_v5,5,0.5798611111111112,0.9281437125748503,0.16167664670658682,0.06632681437125748,0.6570776946107785,0.050092155688622755
combined_failure_stress,0.05,cost_calibrated_failure_predictive_morphology_v5,6,0.14583333333333334,1.0,0.0,0.04711573809523809,0.9442465238095238,0.050605285714285714
combined_failure_stress,0.05,cost_calibrated_failure_predictive_morphology_v5,7,0.3576388888888889,0.8737864077669902,0.0,0.062301087378640777,0.8073918252427185,0.050630941747572815
combined_failure_stress,0.05,cost_calibrated_failure_predictive_morphology_v5,8,0.4270833333333333,0.8943089430894309,0.08130081300813008,0.06339450406504066,0.7254168455284553,0.050866479674796745
combined_failure_stress,0.05,cost_calibrated_failure_predictive_morphology_v5,9,0.4131944444444444,0.907563025210084,0.0,0.03817,0.8579484201680673,0.05087917647058823
combined_failure_stress,0.05,meta_adaptive_mpc,0,0.125,1.0,0.0,0.03190841666666667,0.9507877777777778,0.05972516666666667
combined_failure_stress,0.05,meta_adaptive_mpc,1,0.11805555555555555,1.0,0.0,0.06939226470588235,0.9247033529411764,0.05938255882352941
combined_failure_stress,0.05,meta_adaptive_mpc,2,0.2013888888888889,0.8448275862068966,0.0,0.08475762068965517,0.7592917068965517,0.05823455172413793
combined_failure_stress,0.05,meta_adaptive_mpc,3,0.2013888888888889,1.0,0.0,0.03720056896551724,0.9472940689655173,0.05925670689655172
combined_failure_stress,0.05,meta_adaptive_mpc,4,0.2465277777777778,1.0,0.0,0.030661788732394366,0.951701323943662,0.05963454929577465
combined_failure_stress,0.05,meta_adaptive_mpc,5,0.2604166666666667,1.0,0.0,0.03823708,0.94657228,0.059248426666666666
combined_failure_stress,0.05,meta_adaptive_mpc,6,0.024305555555555556,1.0,0.0,0.089279,0.9122091428571428,0.056212285714285715
combined_failure_stress,0.05,meta_adaptive_mpc,7,0.2013888888888889,0.5344827586206896,0.0,0.055468396551724135,0.4691234827586207,0.05895858620689655
combined_failure_stress,0.05,meta_adaptive_mpc,8,0.18055555555555555,0.7307692307692307,0.0,0.04804796153846154,0.670548173076923,0.05908325
combined_failure_stress,0.05,meta_adaptive_mpc,9,0.1527777777777778,0.8863636363636364,0.75,0.1201878409090909,-0.16194425,0.059280931818181816
combined_failure_stress,0.05,online_system_identification,0,0.2604166666666667,1.0,0.12,0.04872514666666667,0.7885661733333333,0.060724893333333335
combined_failure_stress,0.05,online_system_identification,1,0.2361111111111111,0.9852941176470589,0.0,0.033831382352941176,0.9340029264705882,0.061353970588235295
combined_failure_stress,0.05,online_system_identification,2,0.1527777777777778,1.0,0.0,0.048285272727272725,0.9389694545454546,0.06051293181818182
combined_failure_stress,0.05,online_system_identification,3,0.07291666666666667,0.047619047619047616,0.0,0.08482438095238096,-0.03846190476190476,0.059342285714285715
combined_failure_stress,0.05,online_system_identification,4,0.3263888888888889,0.9574468085106383,0.0,0.032761510638297874,0.9071794893617021,0.06074286170212766
combined_failure_stress,0.05,online_system_identification,5,0.13194444444444445,1.0,0.0,0.008010815789473684,0.9666295,0.06169547368421053
combined_failure_stress,0.05,online_system_identification,6,0.125,1.0,0.0,0.012130333333333333,0.9638534722222222,0.061456361111111114
combined_failure_stress,0.05,online_system_identification,7,0.19444444444444445,1.0,0.0,0.033231625,0.9493429107142857,0.06087780357142857
combined_failure_stress,0.05,online_system_identification,8,0.3680555555555556,1.0,0.0,0.022988339622641508,0.9563007075471698,0.06134994339622642
combined_failure_stress,0.05,online_system_identification,9,0.5208333333333334,1.0,0.11333333333333333,0.04585069333333333,0.7988011,0.06097051333333334
combined_failure_stress,0.05,risk_aware_intervention_policy,0,0.1840277777777778,0.8301886792452831,0.0,0.09180481132075471,0.7369995849056604,0.06427933962264151
combined_failure_stress,0.05,risk_aware_intervention_policy,1,0.3645833333333333,1.0,0.0,0.08672811428571428,0.9101480285714286,0.06476061904761905
combined_failure_stress,0.05,risk_aware_intervention_policy,2,0.4722222222222222,0.9779411764705882,0.0,0.08890997794117647,0.8808222573529412,0.06444351470588236
combined_failure_stress,0.05,risk_aware_intervention_policy,3,0.2361111111111111,1.0,0.0,0.1328437794117647,0.8787646470588235,0.0627660294117647
combined_failure_stress,0.05,risk_aware_intervention_policy,4,0.3125,0.8,0.0,0.0934394888888889,0.7055581777777777,0.06452027777777777
combined_failure_stress,0.05,risk_aware_intervention_policy,5,0.15625,0.9333333333333333,0.0,0.09112651111111111,0.8410044,0.06342297777777778
combined_failure_stress,0.05,risk_aware_intervention_policy,6,0.3541666666666667,0.9901960784313726,0.0,0.08937249019607843,0.8986046078431372,0.06451276470588235
combined_failure_stress,0.05,risk_aware_intervention_policy,7,0.2048611111111111,0.11864406779661017,0.0,0.1570553220338983,-0.01952977966101695,0.06274484745762712
combined_failure_stress,0.05,risk_aware_intervention_policy,8,0.04861111111111111,0.9285714285714286,0.0,0.15822307142857142,0.7330961428571429,0.061280857142857144
combined_failure_stress,0.05,risk_aware_intervention_policy,9,0.1076388888888889,1.0,0.0,0.10803212903225806,0.8988526451612904,0.05672196774193548
combined_failure_stress,0.10,conformal_risk_shield,0,0.4791666666666667,0.7971014492753623,0.0,0.16937089130434782,0.653580268115942,0.05547001449275362
combined_failure_stress,0.10,conformal_risk_shield,1,0.3125,0.9888888888888889,0.0,0.19330476666666666,0.8262678,0.06068391111111111
combined_failure_stress,0.10,conformal_risk_shield,2,0.1840277777777778,0.8113207547169812,0.0,0.19688690566037736,0.6425501320754717,0.06877730188679246
combined_failure_stress,0.10,conformal_risk_shield,3,0.3472222222222222,0.66,0.0,0.18622114,0.50732386,0.04960298
combined_failure_stress,0.10,conformal_risk_shield,4,0.4791666666666667,1.0,0.0,0.17179758695652175,0.8479154347826087,0.07072496376811595
combined_failure_stress,0.10,conformal_risk_shield,5,0.6006944444444444,0.8554913294797688,0.0,0.15527576300578036,0.7201627225433526,0.05919010982658959
combined_failure_stress,0.10,conformal_risk_shield,6,0.5277777777777778,0.8947368421052632,0.0,0.18627344736842105,0.7361261315789474,0.06270952631578948
combined_failure_stress,0.10,conformal_risk_shield,7,0.3715277777777778,1.0,0.0,0.17952633644859814,0.8436965607476635,0.06807765420560748
combined_failure_stress,0.10,conformal_risk_shield,8,0.22569444444444445,0.9846153846153847,0.0,0.1868398153846154,0.8254241076923077,0.03576829230769231
combined_failure_stress,0.10,conformal_risk_shield,9,0.3333333333333333,0.9895833333333334,0.0,0.18135910416666667,0.842027625,0.02726871875
combined_failure_stress,0.10,constraint_aware_mpc,0,0.0625,0.9444444444444444,0.3888888888888889,0.18161872222222222,0.306933,0.053927611111111114
combined_failure_stress,0.10,constraint_aware_mpc,1,0.04861111111111111,0.8571428571428571,0.07142857142857142,0.08243728571428571,0.6856442857142857,0.05445942857142857
combined_failure_stress,0.10,constraint_aware_mpc,2,0.2013888888888889,0.4827586206896552,0.0,0.14231596551724138,0.3603318103448276,0.05067924137931035
combined_failure_stress,0.10,constraint_aware_mpc,3,0.1840277777777778,1.0,0.018867924528301886,0.12495022641509435,0.8640175471698113,0.05540543396226415
combined_failure_stress,0.10,constraint_aware_mpc,4,0.1284722222222222,1.0,0.0,0.10848075675675675,0.9016837567567567,0.049732594594594594
combined_failure_stress,0.10,constraint_aware_mpc,5,0.125,1.0,0.0,0.09771830555555555,0.9062788888888889,0.05626283333333333
combined_failure_stress,0.10,constraint_aware_mpc,6,0.2604166666666667,1.0,0.0,0.09358390666666666,0.9093251466666666,0.055924706666666664
combined_failure_stress,0.10,constraint_aware_mpc,7,0.25,1.0,0.0,0.09063055555555556,0.9113032083333333,0.05612302777777778
combined_failure_stress,0.10,constraint_aware_mpc,8,0.2986111111111111,0.8023255813953488,0.0,0.10624086046511629,0.7029836744186047,0.055496337209302325
combined_failure_stress,0.10,constraint_aware_mpc,9,0.23958333333333334,1.0,0.0,0.12282226086956521,0.8891864492753623,0.05519539130434783
combined_failure_stress,0.10,cost_calibrated_failure_predictive_morphology_v5,0,0.3923611111111111,1.0,0.008849557522123894,0.04124750442477876,0.9381004778761062,0.048809654867256635
combined_failure_stress,0.10,cost_calibrated_failure_predictive_morphology_v5,1,0.4409722222222222,0.6771653543307087,0.2204724409448819,0.12960215748031495,0.28977242519685037,0.04684640157480315
combined_failure_stress,0.10,cost_calibrated_failure_predictive_morphology_v5,2,0.18055555555555555,1.0,0.0,0.05921338461538462,0.9426405384615385,0.03535571153846154
combined_failure_stress,0.10,cost_calibrated_failure_predictive_morphology_v5,3,0.7048611111111112,0.8226600985221675,0.014778325123152709,0.07854811822660099,0.7249107536945812,0.045226384236453206
combined_failure_stress,0.10,cost_calibrated_failure_predictive_morphology_v5,4,0.5833333333333334,0.8035714285714286,0.16666666666666666,0.114744,0.49298522023809527,0.04873804166666667
combined_failure_stress,0.10,cost_calibrated_failure_predictive_morphology_v5,5,0.7916666666666666,0.9254385964912281,0.11842105263157894,0.08667096929824561,0.6971581403508772,0.043521087719298246
combined_failure_stress,0.10,cost_calibrated_failure_predictive_morphology_v5,6,0.16319444444444445,0.9361702127659575,0.06382978723404255,0.0676728085106383,0.7870908936170212,0.04871346808510638
combined_failure_stress,0.10,cost_calibrated_failure_predictive_morphology_v5,7,0.5277777777777778,0.6776315789473685,0.006578947368421052,0.08889205921052631,0.5858717828947368,0.04735946710526316
combined_failure_stress,0.10,cost_calibrated_failure_predictive_morphology_v5,8,0.5555555555555556,0.70625,0.2125,0.0988986875,0.34833204375,0.051253006250000004
combined_failure_stress,0.10,cost_calibrated_failure_predictive_morphology_v5,9,0.5,0.7638888888888888,0.0,0.054616215277777776,0.7030280833333333,0.05028772916666667
combined_failure_stress,0.10,meta_adaptive_mpc,0,0.13194444444444445,0.9473684210526315,0.05263157894736842,0.04327931578947369,0.8244766315789473,0.05957063157894737
combined_failure_stress,0.10,meta_adaptive_mpc,1,0.14583333333333334,1.0,0.0,0.08301147619047619,0.9188551428571429,0.051193
combined_failure_stress,0.10,meta_adaptive_mpc,2,0.5034722222222222,0.7517241379310344,0.0,0.10249622068965518,0.6531934206896551,0.05951854482758621
combined_failure_stress,0.10,meta_adaptive_mpc,3,0.2569444444444444,1.0,0.0,0.049942472972972975,0.9388902972972973,0.05811097297297297
combined_failure_stress,0.10,meta_adaptive_mpc,4,0.3263888888888889,1.0,0.010638297872340425,0.05773363829787234,0.9257025744680851,0.04574693617021277
combined_failure_stress,0.10,meta_adaptive_mpc,5,0.5277777777777778,1.0,0.006578947368421052,0.08563732236842105,0.9061781578947369,0.057004572368421054
combined_failure_stress,0.10,meta_adaptive_mpc,6,0.2048611111111111,1.0,0.0,0.11953938983050848,0.8899097457627119,0.05869486440677966
combined_failure_stress,0.10,meta_adaptive_mpc,7,0.3020833333333333,0.5402298850574713,0.0,0.07878513793103448,0.4593322643678161,0.05721780459770115
combined_failure_stress,0.10,meta_adaptive_mpc,8,0.3229166666666667,0.6344086021505376,0.0,0.07685077419354838,0.5538858924731183,0.05939374193548387
combined_failure_stress,0.10,meta_adaptive_mpc,9,0.3715277777777778,0.7102803738317757,0.308411214953271,0.12603431775700935,0.21153116822429907,0.0555803738317757
combined_failure_stress,0.10,online_system_identification,0,0.5416666666666666,1.0,0.11538461538461539,0.08164682051282052,0.7710813333333333,0.06118917307692308
combined_failure_stress,0.10,online_system_identification,1,0.4756944444444444,0.7956204379562044,0.0,0.0708871897810219,0.7184671240875913,0.06118291240875912
combined_failure_stress,0.10,online_system_identification,2,0.19444444444444445,1.0,0.017857142857142856,0.060805589285714286,0.9078185178571428,0.060658053571428575
combined_failure_stress,0.10,online_system_identification,3,0.2777777777777778,0.15,0.0,0.1042681625,0.0531229125,0.0530878
combined_failure_stress,0.10,online_system_identification,4,0.5451388888888888,0.7961783439490446,0.0,0.0625145796178344,0.7252966050955414,0.060270095541401274
combined_failure_stress,0.10,online_system_identification,5,0.2048611111111111,1.0,0.0,0.044190830508474575,0.9416885932203389,0.060839644067796614
combined_failure_stress,0.10,online_system_identification,6,0.19444444444444445,1.0,0.0,0.05677148214285714,0.9337734642857143,0.05885905357142857
combined_failure_stress,0.10,online_system_identification,7,0.23958333333333334,1.0,0.0,0.04861097101449275,0.9425195072463768,0.0521174347826087
combined_failure_stress,0.10,online_system_identification,8,0.3888888888888889,1.0,0.0,0.02801570535714286,0.9537213482142857,0.05926149107142857
combined_failure_stress,0.10,online_system_identification,9,0.6701388888888888,1.0,0.15025906735751296,0.06480749222797927,0.7392321865284974,0.061286072538860106
combined_failure_stress,0.10,risk_aware_intervention_policy,0,0.4861111111111111,0.9357142857142857,0.0,0.14757540714285713,0.8109688785714285,0.04765020714285714
combined_failure_stress,0.10,risk_aware_intervention_policy,1,0.3854166666666667,1.0,0.0,0.09205950450450451,0.9074230180180181,0.06252293693693693
combined_failure_stress,0.10,risk_aware_intervention_policy,2,0.6736111111111112,0.7989690721649485,0.0,0.14153315463917526,0.5348297731958763,0.06440803608247422
combined_failure_stress,0.10,risk_aware_intervention_policy,3,0.625,0.9444444444444444,0.0,0.17171175555555557,0.7610918833333333,0.04157755
combined_failure_stress,0.10,risk_aware_intervention_policy,4,0.4756944444444444,0.7299270072992701,0.0,0.12398970802919708,0.6168724160583942,0.058359481751824815
combined_failure_stress,0.10,risk_aware_intervention_policy,5,0.28125,0.7777777777777778,0.0,0.1283146172839506,0.6586947283950617,0.06502840740740741
combined_failure_stress,0.10,risk_aware_intervention_policy,6,0.5972222222222222,0.8546511627906976,0.0,0.13876606395348837,0.6706631744186047,0.05863695348837209
combined_failure_stress,0.10,risk_aware_intervention_policy,7,0.53125,0.29411764705882354,0.0457516339869281,0.17827052941176472,0.087606522875817,0.05451607843137255
combined_failure_stress,0.10,risk_aware_intervention_policy,8,0.5173611111111112,0.8187919463087249,0.0,0.20146256375838925,0.5207289932885906,0.02682830201342282
combined_failure_stress,0.10,risk_aware_intervention_policy,9,0.53125,0.954248366013072,0.0,0.1746604183006536,0.7767006274509803,0.04152026797385621
combined_failure_stress,0.15,conformal_risk_shield,0,0.6215277777777778,0.6536312849162011,0.0,0.20815974860335196,0.36652105027932963,0.055993932960893854
combined_failure_stress,0.15,conformal_risk_shield,1,0.5798611111111112,0.8083832335329342,0.0,0.22154094610778444,0.5940057844311377,0.0466121497005988
combined_failure_stress,0.15,conformal_risk_shield,2,0.3680555555555556,0.7169811320754716,0.0,0.23220149056603773,0.4328217641509434,0.06900514150943396
combined_failure_stress,0.15,conformal_risk_shield,3,0.5173611111111112,0.5302013422818792,0.0,0.2399748590604027,0.15757806040268457,0.049090147651006714
combined_failure_stress,0.15,conformal_risk_shield,4,0.5833333333333334,0.8571428571428571,0.0,0.20638289285714287,0.5666352380952381,0.070564125
combined_failure_stress,0.15,conformal_risk_shield,5,0.6979166666666666,0.7611940298507462,0.0,0.18293192537313432,0.5308319552238806,0.05930628855721393
combined_failure_stress,0.15,conformal_risk_shield,6,0.7673611111111112,0.8054298642533937,0.004524886877828055,0.20381101357466064,0.631950447963801,0.05223197285067873
combined_failure_stress,0.15,conformal_risk_shield,7,0.5902777777777778,0.8823529411764706,0.0,0.21923643529411765,0.6099513294117647,0.055152029411764704
combined_failure_stress,0.15,conformal_risk_shield,8,0.4583333333333333,0.6818181818181818,0.0,0.2608912878787879,0.2265294090909091,0.04026539393939394
combined_failure_stress,0.15,conformal_risk_shield,9,0.4791666666666667,0.7318840579710145,0.0,0.2424708768115942,0.33076802173913045,0.037541391304347825
combined_failure_stress,0.15,constraint_aware_mpc,0,0.46875,0.7777777777777778,0.22962962962962963,0.19159055555555554,0.33833962962962966,0.040639274074074076
combined_failure_stress,0.15,constraint_aware_mpc,1,0.3506944444444444,0.5544554455445545,0.43564356435643564,0.21713233663366338,-0.156227,0.031412049504950496
combined_failure_stress,0.15,constraint_aware_mpc,2,0.5277777777777778,0.4473684210526316,0.03289473684210526,0.1636558947368421,0.27183321710526315,0.044128151315789475
combined_failure_stress,0.15,constraint_aware_mpc,3,0.4652777777777778,1.0,0.13432835820895522,0.16646228358208956,0.6956653059701492,0.044223701492537314
combined_failure_stress,0.15,constraint_aware_mpc,4,0.3784722222222222,1.0,0.0,0.146526,0.8821700733944954,0.03391482568807339
combined_failure_stress,0.15,constraint_aware_mpc,5,0.1840277777777778,1.0,0.0,0.12453143396226415,0.8956306226415094,0.038216264150943396
combined_failure_stress,0.15,constraint_aware_mpc,6,0.3472222222222222,1.0,0.0,0.11023371,0.90193258,0.04645294
combined_failure_stress,0.15,constraint_aware_mpc,7,0.7048611111111112,1.0,0.0,0.1420641330049261,0.879845684729064,0.04602095073891626
combined_failure_stress,0.15,constraint_aware_mpc,8,0.4548611111111111,0.8015267175572519,0.0,0.12503288549618322,0.6890646946564886,0.055420076335877866
combined_failure_stress,0.15,constraint_aware_mpc,9,0.375,1.0,0.0,0.1312329074074074,0.8828186481481481,0.05626283333333333
combined_failure_stress,0.15,cost_calibrated_failure_predictive_morphology_v5,0,0.5972222222222222,1.0,0.01744186046511628,0.09528189534883721,0.8970702790697674,0.032066808139534886
combined_failure_stress,0.15,cost_calibrated_failure_predictive_morphology_v5,1,0.6319444444444444,0.6318681318681318,0.1978021978021978,0.15408086813186814,0.26084134615384613,0.035372087912087916
combined_failure_stress,0.15,cost_calibrated_failure_predictive_morphology_v5,2,0.4965277777777778,1.0,0.0,0.1405982937062937,0.8957957202797203,0.012856622377622378
combined_failure_stress,0.15,cost_calibrated_failure_predictive_morphology_v5,3,0.9513888888888888,0.7773722627737226,0.010948905109489052,0.11914639781021898,0.5901299343065693,0.03813559854014598
combined_failure_stress,0.15,cost_calibrated_failure_predictive_morphology_v5,4,0.8263888888888888,0.819327731092437,0.15126050420168066,0.14096413025210083,0.5141964831932773,0.03862388655462185
combined_failure_stress,0.15,cost_calibrated_failure_predictive_morphology_v5,5,0.8298611111111112,0.9079497907949791,0.11297071129707113,0.09188562761506276,0.6835214560669456,0.04198896652719665
combined_failure_stress,0.15,cost_calibrated_failure_predictive_morphology_v5,6,0.34375,0.6767676767676768,0.04040404040404041,0.17600926262626262,0.2679002828282828,0.0377200202020202
combined_failure_stress,0.15,cost_calibrated_failure_predictive_morphology_v5,7,0.8055555555555556,0.7758620689655172,0.004310344827586207,0.12537399137931035,0.6684481939655172,0.03169822413793103
combined_failure_stress,0.15,cost_calibrated_failure_predictive_morphology_v5,8,0.6458333333333334,0.7473118279569892,0.3225806451612903,0.12840331720430107,0.23119945698924732,0.0511205
combined_failure_stress,0.15,cost_calibrated_failure_predictive_morphology_v5,9,0.6493055555555556,0.7914438502673797,0.0,0.08505943315508022,0.7142054812834224,0.03932613903743316
combined_failure_stress,0.15,meta_adaptive_mpc,0,0.40625,0.8376068376068376,0.10256410256410256,0.16956373504273503,0.4956825982905983,0.0276202905982906
combined_failure_stress,0.15,meta_adaptive_mpc,1,0.3229166666666667,1.0,0.0,0.13414348387096775,0.8956957419354838,0.02311941935483871
combined_failure_stress,0.15,meta_adaptive_mpc,2,0.6493055555555556,0.7647058823529411,0.0,0.12317701069518716,0.6174189946524065,0.05964082352941177
combined_failure_stress,0.15,meta_adaptive_mpc,3,0.5069444444444444,1.0,0.03424657534246575,0.11708641095890411,0.8619771575342465,0.029453506849315067
combined_failure_stress,0.15,meta_adaptive_mpc,4,0.5034722222222222,1.0,0.006896551724137931,0.0957079724137931,0.9110383241379311,0.029656634482758622
combined_failure_stress,0.15,meta_adaptive_mpc,5,0.8402777777777778,1.0,0.004132231404958678,0.11767585123966942,0.8918678388429752,0.045764
combined_failure_stress,0.15,meta_adaptive_mpc,6,0.3680555555555556,1.0,0.0,0.13670650943396226,0.8774808490566037,0.05961024528301887
combined_failure_stress,0.15,meta_adaptive_mpc,7,0.5520833333333334,0.7421383647798742,0.0,0.12201771698113208,0.6387992264150943,0.03983717610062893
combined_failure_stress,0.15,meta_adaptive_mpc,8,0.4027777777777778,0.6379310344827587,0.008620689655172414,0.10279183620689655,0.4803466724137931,0.05906300862068965
combined_failure_stress,0.15,meta_adaptive_mpc,9,0.7604166666666666,0.8356164383561644,0.1506849315068493,0.14966556164383563,0.5292403105022832,0.029453506849315067
combined_failure_stress,0.15,online_system_identification,0,0.625,1.0,0.1,0.08856331666666667,0.78563105,0.06083255
combined_failure_stress,0.15,online_system_identification,1,0.6840277777777778,0.817258883248731,0.0,0.09686980203045685,0.7259316243654822,0.052263065989847715
combined_failure_stress,0.15,online_system_identification,2,0.3923611111111111,0.9557522123893806,0.22123893805309736,0.14403705309734513,0.5224336371681416,0.04565714159292036
combined_failure_stress,0.15,online_system_identification,3,0.3888888888888889,0.38392857142857145,0.0,0.11788511607142857,0.2840744642857143,0.03852138392857143
combined_failure_stress,0.15,online_system_identification,4,0.7222222222222222,0.8365384615384616,0.0,0.08507226923076923,0.7492392211538461,0.0531166875
combined_failure_stress,0.15,online_system_identification,5,0.4479166666666667,0.9844961240310077,0.0,0.10269020155038759,0.8894673410852714,0.05143482945736434
combined_failure_stress,0.15,online_system_identification,6,0.3472222222222222,1.0,0.0,0.10386869,0.90815138,0.04253471
combined_failure_stress,0.15,online_system_identification,7,0.4930555555555556,0.8309859154929577,0.0,0.11466610563380282,0.6726974084507042,0.035667640845070424
combined_failure_stress,0.15,online_system_identification,8,0.6423611111111112,1.0,0.0,0.08324102702702703,0.9255865405405406,0.035877227027027024
combined_failure_stress,0.15,online_system_identification,9,0.7951388888888888,1.0,0.12663755458515283,0.07808459388646288,0.7610721484716158,0.05771488209606987
combined_failure_stress,0.15,risk_aware_intervention_policy,0,0.6631944444444444,0.8743455497382199,0.0,0.17502540314136125,0.6934243717277487,0.03670792146596859
combined_failure_stress,0.15,risk_aware_intervention_policy,1,0.5104166666666666,0.9591836734693877,0.006802721088435374,0.1323157142857143,0.8069879523809523,0.047623510204081634
combined_failure_stress,0.15,risk_aware_intervention_policy,2,0.8194444444444444,0.6610169491525424,0.0,0.1801413093220339,0.254924093220339,0.0647699406779661
combined_failure_stress,0.15,risk_aware_intervention_policy,3,0.9791666666666666,0.875886524822695,0.0035460992907801418,0.20075040780141845,0.6168351347517731,0.03289493617021277
combined_failure_stress,0.15,risk_aware_intervention_policy,4,0.75,0.6666666666666666,0.0,0.16935221296296296,0.4979922638888889,0.045551587962962964
combined_failure_stress,0.15,risk_aware_intervention_policy,5,0.4166666666666667,0.525,0.0,0.20545171666666667,0.14162721666666667,0.058273775
combined_failure_stress,0.15,risk_aware_intervention_policy,6,0.7951388888888888,0.7336244541484717,0.043668122270742356,0.17900372052401747,0.4122780917030568,0.0504029519650655
combined_failure_stress,0.15,risk_aware_intervention_policy,7,0.6597222222222222,0.3,0.03684210526315789,0.1986529052631579,0.0530302,0.04389978947368421
combined_failure_stress,0.15,risk_aware_intervention_policy,8,0.625,0.7888888888888889,0.005555555555555556,0.2115451888888889,0.4556234333333333,0.025967455555555557
combined_failure_stress,0.15,risk_aware_intervention_policy,9,0.9340277777777778,0.7843866171003717,0.0,0.22162958364312269,0.43889879553903344,0.03968089219330855
low_signal_morphology_stress,0.00,conformal_risk_shield,0,0.06944444444444445,1.0,0.0,0.10272835,0.89829355,0.06621485
low_signal_morphology_stress,0.00,conformal_risk_shield,1,0.0,0.0,0.0,0.0,0.0,0.0
low_signal_morphology_stress,0.00,conformal_risk_shield,2,0.0,0.0,0.0,0.0,0.0,0.0
low_signal_morphology_stress,0.00,conformal_risk_shield,3,0.0,0.0,0.0,0.0,0.0,0.0
low_signal_morphology_stress,0.00,conformal_risk_shield,4,0.010416666666666666,1.0,0.0,0.10490566666666666,0.8972483333333333,0.06515
low_signal_morphology_stress,0.00,conformal_risk_shield,5,0.2743055555555556,1.0,0.0,0.1018462658227848,0.8983401392405064,0.06748337974683544
low_signal_morphology_stress,0.00,conformal_risk_shield,6,0.027777777777777776,1.0,0.0,0.1040285,0.8977047499999999,0.06550075
low_signal_morphology_stress,0.00,conformal_risk_shield,7,0.041666666666666664,1.0,0.0,0.096049,0.9031733333333333,0.065761
low_signal_morphology_stress,0.00,conformal_risk_shield,8,0.0,0.0,0.0,0.0,0.0,0.0
low_signal_morphology_stress,0.00,conformal_risk_shield,9,0.0,0.0,0.0,0.0,0.0,0.0
low_signal_morphology_stress,0.00,constraint_aware_mpc,0,0.0,0.0,0.0,0.0,0.0,0.0
low_signal_morphology_stress,0.00,constraint_aware_mpc,1,0.017361111111111112,1.0,0.0,0.036184,0.9516916,0.0510656
low_signal_morphology_stress,0.00,constraint_aware_mpc,2,0.0,0.0,0.0,0.0,0.0,0.0
low_signal_morphology_stress,0.00,constraint_aware_mpc,3,0.0,0.0,0.0,0.0,0.0,0.0
low_signal_morphology_stress,0.00,constraint_aware_mpc,4,0.0,0.0,0.0,0.0,0.0,0.0
low_signal_morphology_stress,0.00,constraint_aware_mpc,5,0.0,0.0,0.0,0.0,0.0,0.0
low_signal_morphology_stress,0.00,constraint_aware_mpc,6,0.0,0.0,0.0,0.0,0.0,0.0
low_signal_morphology_stress,0.00,constraint_aware_mpc,7,0.041666666666666664,1.0,0.0,0.03328891666666667,0.9533198333333334,0.05195125
low_signal_morphology_stress,0.00,constraint_aware_mpc,8,0.024305555555555556,1.0,0.0,0.04370285714285714,0.9465202857142857,0.05086171428571429
low_signal_morphology_stress,0.00,constraint_aware_mpc,9,0.0,0.0,0.0,0.0,0.0,0.0
low_signal_morphology_stress,0.00,cost_calibrated_failure_predictive_morphology_v5,0,0.3645833333333333,1.0,0.0,0.018984285714285714,0.9645703238095238,0.04920152380952381
low_signal_morphology_stress,0.00,cost_calibrated_failure_predictive_morphology_v5,1,0.125,1.0,0.0,0.03368502777777778,0.9543835277777778,0.04897088888888889
low_signal_morphology_stress,0.00,cost_calibrated_failure_predictive_morphology_v5,2,0.125,1.0,0.0,0.0035641944444444445,0.975325,0.04928891666666667
low_signal_morphology_stress,0.00,cost_calibrated_failure_predictive_morphology_v5,3,0.4409722222222222,1.0,0.0,0.02630807874015748,0.9595501653543307,0.04896476377952756
low_signal_morphology_stress,0.00,cost_calibrated_failure_predictive_morphology_v5,4,0.2604166666666667,1.0,0.0,0.025466719999999998,0.9602233466666666,0.04877748
low_signal_morphology_stress,0.00,cost_calibrated_failure_predictive_morphology_v5,5,0.4895833333333333,1.0,0.1347517730496454,0.03640648226950355,0.7839301489361702,0.04921251773049645
low_signal_morphology_stress,0.00,cost_calibrated_failure_predictive_morphology_v5,6,0.1388888888888889,1.0,0.0,0.03291085,0.955040175,0.04871585
low_signal_morphology_stress,0.00,cost_calibrated_failure_predictive_morphology_v5,7,0.2881944444444444,1.0,0.0,0.02894,0.957915578313253,0.04850321686746988
low_signal_morphology_stress,0.00,cost_calibrated_failure_predictive_morphology_v5,8,0.3819444444444444,1.0,0.0,0.02521148181818182,0.9603926909090909,0.048798436363636365
low_signal_morphology_stress,0.00,cost_calibrated_failure_predictive_morphology_v5,9,0.3611111111111111,1.0,0.0,0.015065884615384615,0.9673030769230769,0.049223884615384614
low_signal_morphology_stress,0.00,meta_adaptive_mpc,0,0.11458333333333333,1.0,0.0,0.01592190909090909,0.9630975454545454,0.05723818181818182
low_signal_morphology_stress,0.00,meta_adaptive_mpc,1,0.04513888888888889,1.0,0.0,0.040473538461538464,0.9467649230769231,0.05534146153846154
low_signal_morphology_stress,0.00,meta_adaptive_mpc,2,0.04513888888888889,1.0,0.0,0.053606,0.9375291538461539,0.05543661538461538
low_signal_morphology_stress,0.00,meta_adaptive_mpc,3,0.1284722222222222,1.0,0.0,0.008321891891891892,0.9682751081081081,0.05755437837837838
low_signal_morphology_stress,0.00,meta_adaptive_mpc,4,0.21875,1.0,0.0,0.015529777777777778,0.9634032063492064,0.05716884126984127
low_signal_morphology_stress,0.00,meta_adaptive_mpc,5,0.17708333333333334,1.0,0.0,0.011000823529411764,0.966676705882353,0.056939313725490194
low_signal_morphology_stress,0.00,meta_adaptive_mpc,6,0.0,0.0,0.0,0.0,0.0,0.0
low_signal_morphology_stress,0.00,meta_adaptive_mpc,7,0.10416666666666667,0.8666666666666667,0.0,0.015625633333333333,0.8305460333333333,0.0559614
low_signal_morphology_stress,0.00,meta_adaptive_mpc,8,0.13194444444444445,1.0,0.0,0.010705447368421052,0.9671227894736842,0.05640747368421053
low_signal_morphology_stress,0.00,meta_adaptive_mpc,9,0.125,1.0,0.8055555555555556,0.09810983333333334,-0.10156066666666667,0.057643
low_signal_morphology_stress,0.00,online_system_identification,0,0.08680555555555555,1.0,0.0,0.01120892,0.96570808,0.05876816
low_signal_morphology_stress,0.00,online_system_identification,1,0.08333333333333333,1.0,0.0,0.017067583333333334,0.9617075416666667,0.05854475
low_signal_morphology_stress,0.00,online_system_identification,2,0.03819444444444445,1.0,0.0,0.016982727272727274,0.9623121818181818,0.05733318181818182
low_signal_morphology_stress,0.00,online_system_identification,3,0.027777777777777776,1.0,0.0,0.0,0.97449075,0.056687125
low_signal_morphology_stress,0.00,online_system_identification,4,0.21180555555555555,1.0,0.0,0.008429377049180328,0.9682842950819672,0.05736704918032787
low_signal_morphology_stress,0.00,online_system_identification,5,0.12152777777777778,1.0,0.0,0.0009532285714285714,0.9727104857142858,0.05916054285714286
low_signal_morphology_stress,0.00,online_system_identification,6,0.10069444444444445,1.0,0.0,0.001779,0.9725301034482758,0.05827672413793104
low_signal_morphology_stress,0.00,online_system_identification,7,0.09375,1.0,0.0,0.014666259259259259,0.964150037037037,0.05685240740740741
low_signal_morphology_stress,0.00,online_system_identification,8,0.2604166666666667,1.0,0.0,0.005045293333333333,0.9700821733333334,0.05863570666666667
low_signal_morphology_stress,0.00,online_system_identification,9,0.24305555555555555,1.0,0.0,0.007080628571428571,0.9689782714285714,0.057922914285714285
low_signal_morphology_stress,0.00,risk_aware_intervention_policy,0,0.12152777777777778,1.0,0.0,0.025116914285714286,0.9543034857142857,0.06247697142857143
low_signal_morphology_stress,0.00,risk_aware_intervention_policy,1,0.2916666666666667,1.0,0.0,0.058002392857142857,0.9314347738095238,0.06214117857142857
low_signal_morphology_stress,0.00,risk_aware_intervention_policy,2,0.4618055555555556,1.0,0.0,0.0603048045112782,0.9297571578947369,0.06228782706766917
low_signal_morphology_stress,0.00,risk_aware_intervention_policy,3,0.06597222222222222,1.0,0.0,0.09389784210526315,0.9071077368421052,0.06036410526315789
low_signal_morphology_stress,0.00,risk_aware_intervention_policy,4,0.25,0.9583333333333334,0.0,0.06492030555555556,0.8847957222222222,0.062429791666666665
low_signal_morphology_stress,0.00,risk_aware_intervention_policy,5,0.125,1.0,0.0,0.03800925,0.9451985555555555,0.06265547222222222
low_signal_morphology_stress,0.00,risk_aware_intervention_policy,6,0.3020833333333333,1.0,0.0,0.06758389655172414,0.9248094252873563,0.06195963218390805
low_signal_morphology_stress,0.00,risk_aware_intervention_policy,7,0.024305555555555556,0.0,0.0,0.1297762857142857,-0.11736785714285715,0.05894357142857143
low_signal_morphology_stress,0.00,risk_aware_intervention_policy,8,0.0,0.0,0.0,0.0,0.0,0.0
low_signal_morphology_stress,0.00,risk_aware_intervention_policy,9,0.1111111111111111,1.0,0.0,0.071833125,0.92169640625,0.06226778125
low_signal_morphology_stress,0.05,conformal_risk_shield,0,0.3958333333333333,0.9035087719298246,0.0,0.13566121929824562,0.7798321754385965,0.06380842105263158
low_signal_morphology_stress,0.05,conformal_risk_shield,1,0.03819444444444445,1.0,0.0,0.15177281818181818,0.8621184545454545,0.07031218181818182
low_signal_morphology_stress,0.05,conformal_risk_shield,2,0.059027777777777776,1.0,0.0,0.14721594117647058,0.866895,0.06678617647058824
low_signal_morphology_stress,0.05,conformal_risk_shield,3,0.19444444444444445,0.6785714285714286,0.0,0.15032078571428573,0.54451225,0.064077
low_signal_morphology_stress,0.05,conformal_risk_shield,4,0.2881944444444444,1.0,0.0,0.14132825301204818,0.870438843373494,0.06806953012048193
low_signal_morphology_stress,0.05,conformal_risk_shield,5,0.4756944444444444,1.0,0.0,0.11686734306569344,0.8891951532846716,0.0644394306569343
low_signal_morphology_stress,0.05,conformal_risk_shield,6,0.1597222222222222,0.9347826086956522,0.0,0.13215043478260868,0.811961804347826,0.06736795652173913
low_signal_morphology_stress,0.05,conformal_risk_shield,7,0.19444444444444445,1.0,0.0,0.13369085714285714,0.8758893392857143,0.06783794642857142
low_signal_morphology_stress,0.05,conformal_risk_shield,8,0.09027777777777778,1.0,0.0,0.1483815,0.8790470769230769,0.037968653846153846
low_signal_morphology_stress,0.05,conformal_risk_shield,9,0.2048611111111111,1.0,0.0,0.14417454237288135,0.8802684745762712,0.041798627118644065
low_signal_morphology_stress,0.05,constraint_aware_mpc,0,0.017361111111111112,1.0,0.0,0.0869754,0.9160812,0.0511912
low_signal_morphology_stress,0.05,constraint_aware_mpc,1,0.10069444444444445,1.0,0.0,0.05379631034482758,0.9380544137931035,0.053973655172413794
low_signal_morphology_stress,0.05,constraint_aware_mpc,2,0.03125,0.7777777777777778,0.0,0.10658122222222222,0.6802176666666667,0.051007444444444446
low_signal_morphology_stress,0.05,constraint_aware_mpc,3,0.013888888888888888,1.0,0.0,0.08579025,0.915458,0.0544195
low_signal_morphology_stress,0.05,constraint_aware_mpc,4,0.06597222222222222,1.0,0.0,0.07827463157894737,0.9214768947368421,0.052734789473684214
low_signal_morphology_stress,0.05,constraint_aware_mpc,5,0.09375,1.0,0.0,0.07371933333333333,0.9243473333333333,0.05344262962962963
low_signal_morphology_stress,0.05,constraint_aware_mpc,6,0.1701388888888889,1.0,0.0,0.06659177551020408,0.9294595918367347,0.05316928571428572
low_signal_morphology_stress,0.05,constraint_aware_mpc,7,0.1284722222222222,1.0,0.0,0.048458162162162165,0.9417164054054054,0.05413986486486486
low_signal_morphology_stress,0.05,constraint_aware_mpc,8,0.16666666666666666,0.8958333333333334,0.0,0.06859883333333333,0.8239734791666666,0.05297945833333333
low_signal_morphology_stress,0.05,constraint_aware_mpc,9,0.05555555555555555,1.0,0.0,0.094358,0.910726625,0.0516063125
low_signal_morphology_stress,0.05,cost_calibrated_failure_predictive_morphology_v5,0,0.375,1.0,0.0,0.01960262037037037,0.9640981666666667,0.04928891666666667
low_signal_morphology_stress,0.05,cost_calibrated_failure_predictive_morphology_v5,1,0.2847222222222222,0.9146341463414634,0.07317073170731707,0.07873836585365854,0.747036743902439,0.04670465853658537
low_signal_morphology_stress,0.05,cost_calibrated_failure_predictive_morphology_v5,2,0.13194444444444445,1.0,0.0,0.010060868421052633,0.9719446842105263,0.04669476315789474
low_signal_morphology_stress,0.05,cost_calibrated_failure_predictive_morphology_v5,3,0.5694444444444444,0.8963414634146342,0.0,0.04126465243902439,0.8457556524390244,0.048223371951219514
low_signal_morphology_stress,0.05,cost_calibrated_failure_predictive_morphology_v5,4,0.4131944444444444,0.9159663865546218,0.08403361344537816,0.061667100840336136,0.7456725966386555,0.04907710924369748
low_signal_morphology_stress,0.05,cost_calibrated_failure_predictive_morphology_v5,5,0.65625,0.9788359788359788,0.10582010582010581,0.05537230158730159,0.787880201058201,0.04426679894179894
low_signal_morphology_stress,0.05,cost_calibrated_failure_predictive_morphology_v5,6,0.1875,1.0,0.0,0.044637222222222224,0.9467432222222222,0.048912555555555556
low_signal_morphology_stress,0.05,cost_calibrated_failure_predictive_morphology_v5,7,0.4131944444444444,0.8991596638655462,0.0,0.04647473109243697,0.8445615966386555,0.04903495798319328
low_signal_morphology_stress,0.05,cost_calibrated_failure_predictive_morphology_v5,8,0.4618055555555556,0.9097744360902256,0.09022556390977443,0.04680823308270677,0.7421157593984963,0.04913548872180451
low_signal_morphology_stress,0.05,cost_calibrated_failure_predictive_morphology_v5,9,0.4548611111111111,0.8244274809160306,0.0,0.03265907633587786,0.779460465648855,0.04912360305343511
low_signal_morphology_stress,0.05,meta_adaptive_mpc,0,0.1423611111111111,0.926829268292683,0.07317073170731707,0.03456229268292683,0.7854542682926829,0.05715119512195122
low_signal_morphology_stress,0.05,meta_adaptive_mpc,1,0.125,1.0,0.0,0.05633163888888889,0.9346285277777778,0.057643
low_signal_morphology_stress,0.05,meta_adaptive_mpc,2,0.2881944444444444,0.8795180722891566,0.0,0.07552592771084338,0.8011253132530121,0.05672134939759036
low_signal_morphology_stress,0.05,meta_adaptive_mpc,3,0.2222222222222222,1.0,0.0,0.030257375,0.9530254375,0.05732084375
low_signal_morphology_stress,0.05,meta_adaptive_mpc,4,0.2569444444444444,1.0,0.0,0.02134962162162162,0.959817,0.05608508108108108
low_signal_morphology_stress,0.05,meta_adaptive_mpc,5,0.3263888888888889,1.0,0.0,0.039995478723404254,0.9463270425531914,0.057057978723404255
low_signal_morphology_stress,0.05,meta_adaptive_mpc,6,0.0625,1.0,0.0,0.08496155555555555,0.9152211111111112,0.05623483333333333
low_signal_morphology_stress,0.05,meta_adaptive_mpc,7,0.2361111111111111,0.5147058823529411,0.0,0.04700263235294118,0.45601354411764705,0.05731216176470588
low_signal_morphology_stress,0.05,meta_adaptive_mpc,8,0.2222222222222222,0.765625,0.0,0.03394903125,0.716180875,0.057066109375
low_signal_morphology_stress,0.05,meta_adaptive_mpc,9,0.1875,0.7592592592592593,0.5370370370370371,0.09767655555555556,-0.0060166666666666676,0.05690238888888889
low_signal_morphology_stress,0.05,online_system_identification,0,0.2569444444444444,1.0,0.08108108108108109,0.050301135135135136,0.8370170810810811,0.058712918918918916
low_signal_morphology_stress,0.05,online_system_identification,1,0.22916666666666666,0.8636363636363636,0.0,0.042351272727272724,0.8075104393939394,0.05884445454545455
low_signal_morphology_stress,0.05,online_system_identification,2,0.2048611111111111,1.0,0.0,0.041758881355932205,0.9443615593220339,0.05868286440677966
low_signal_morphology_stress,0.05,online_system_identification,3,0.09375,0.3333333333333333,0.0,0.060214,0.26590655555555553,0.05617111111111111
low_signal_morphology_stress,0.05,online_system_identification,4,0.4027777777777778,0.9827586206896551,0.0,0.024831543103448275,0.93896975,0.058681844827586205
low_signal_morphology_stress,0.05,online_system_identification,5,0.1284722222222222,1.0,0.0,0.003304054054054054,0.9710369459459459,0.05922267567567568
low_signal_morphology_stress,0.05,online_system_identification,6,0.125,1.0,0.0,0.004803416666666667,0.9699463055555555,0.05931386111111111
low_signal_morphology_stress,0.05,online_system_identification,7,0.2465277777777778,1.0,0.0,0.027871985915492958,0.9546015774647887,0.05752892957746479
low_signal_morphology_stress,0.05,online_system_identification,8,0.375,1.0,0.0,0.013518296296296296,0.9638459166666666,0.05931386111111111
low_signal_morphology_stress,0.05,online_system_identification,9,0.5,1.0,0.034722222222222224,0.026221916666666668,0.9115854583333334,0.05923656944444444
low_signal_morphology_stress,0.05,risk_aware_intervention_policy,0,0.25,0.9861111111111112,0.0,0.08711838888888888,0.897684375,0.06098633333333333
low_signal_morphology_stress,0.05,risk_aware_intervention_policy,1,0.375,1.0,0.0,0.07103078703703704,0.9220835000000001,0.06265547222222222
low_signal_morphology_stress,0.05,risk_aware_intervention_policy,2,0.6006944444444444,0.9826589595375722,0.0,0.08017060693641619,0.8845705722543352,0.06243593063583815
low_signal_morphology_stress,0.05,risk_aware_intervention_policy,3,0.3472222222222222,0.99,0.0,0.12877698,0.86668148,0.05594363
low_signal_morphology_stress,0.05,risk_aware_intervention_policy,4,0.3715277777777778,0.719626168224299,0.0,0.089531,0.6289730186915888,0.06218096261682243
low_signal_morphology_stress,0.05,risk_aware_intervention_policy,5,0.2361111111111111,1.0,0.0,0.08679485294117648,0.9112161617647059,0.062283073529411766
low_signal_morphology_stress,0.05,risk_aware_intervention_policy,6,0.4097222222222222,1.0,0.0,0.08234275423728814,0.9143477288135593,0.06224960169491525
low_signal_morphology_stress,0.05,risk_aware_intervention_policy,7,0.3854166666666667,0.1891891891891892,0.0,0.14852842342342343,0.0579374954954955,0.06062633333333333
low_signal_morphology_stress,0.05,risk_aware_intervention_policy,8,0.2465277777777778,0.8732394366197183,0.0,0.1617344647887324,0.6455028028169014,0.029142295774647886
low_signal_morphology_stress,0.05,risk_aware_intervention_policy,9,0.2743055555555556,1.0,0.0,0.11290556962025317,0.9012520379746836,0.04380916455696202
low_signal_morphology_stress,0.10,conformal_risk_shield,0,0.6701388888888888,0.7823834196891192,0.0,0.16311754922279792,0.6185523212435233,0.05506308808290156
low_signal_morphology_stress,0.10,conformal_risk_shield,1,0.4791666666666667,0.9637681159420289,0.0,0.1865066231884058,0.8145482753623189,0.041478289855072466
low_signal_morphology_stress,0.10,conformal_risk_shield,2,0.3506944444444444,0.7920792079207921,0.0,0.1839220891089109,0.6329379207920792,0.06754630693069306
low_signal_morphology_stress,0.10,conformal_risk_shield,3,0.4722222222222222,0.7058823529411765,0.0,0.18029519117647058,0.5389667132352941,0.03817680882352941
low_signal_morphology_stress,0.10,conformal_risk_shield,4,0.5416666666666666,0.9743589743589743,0.0,0.16657261538461537,0.8082390576923076,0.06445826923076924
low_signal_morphology_stress,0.10,conformal_risk_shield,5,0.6215277777777778,0.9273743016759777,0.0,0.13431374301675977,0.8093790446927375,0.053279240223463684
low_signal_morphology_stress,0.10,conformal_risk_shield,6,0.7326388888888888,0.8151658767772512,0.0,0.17980236018957346,0.6644224454976303,0.05529288625592417
low_signal_morphology_stress,0.10,conformal_risk_shield,7,0.5104166666666666,0.9863945578231292,0.0,0.17445910204081633,0.8299174965986394,0.05215856462585034
low_signal_morphology_stress,0.10,conformal_risk_shield,8,0.3090277777777778,0.8876404494382022,0.0,0.19114024719101125,0.6482542696629213,0.034889831460674155
low_signal_morphology_stress,0.10,conformal_risk_shield,9,0.4444444444444444,0.9609375,0.0,0.1735536171875,0.7984318203125,0.021706984375
low_signal_morphology_stress,0.10,constraint_aware_mpc,0,0.1840277777777778,0.8490566037735849,0.20754716981132076,0.15245337735849057,0.46292250943396224,0.04440622641509434
low_signal_morphology_stress,0.10,constraint_aware_mpc,1,0.13194444444444445,0.8157894736842105,0.18421052631578946,0.09741757894736842,0.49452163157894735,0.050694210526315786
low_signal_morphology_stress,0.10,constraint_aware_mpc,2,0.4270833333333333,0.4715447154471545,0.0,0.13393436585365853,0.35873167479674795,0.04235334959349594
low_signal_morphology_stress,0.10,constraint_aware_mpc,3,0.2465277777777778,1.0,0.014084507042253521,0.12121156338028169,0.8734285352112676,0.05359507042253521
low_signal_morphology_stress,0.10,constraint_aware_mpc,4,0.2222222222222222,1.0,0.0,0.10918728125,0.906558203125,0.037801546875
low_signal_morphology_stress,0.10,constraint_aware_mpc,5,0.125,1.0,0.0,0.08001277777777778,0.9195554722222222,0.054301416666666665
low_signal_morphology_stress,0.10,constraint_aware_mpc,6,0.3263888888888889,1.0,0.0,0.08564375531914893,0.915957,0.053538712765957445
low_signal_morphology_stress,0.10,constraint_aware_mpc,7,0.2881944444444444,1.0,0.0,0.09129393975903614,0.9125389879518072,0.05234503614457831
low_signal_morphology_stress,0.10,constraint_aware_mpc,8,0.4791666666666667,0.7608695652173914,0.0,0.1024398188405797,0.6649816594202899,0.05373345652173913
low_signal_morphology_stress,0.10,constraint_aware_mpc,9,0.3472222222222222,1.0,0.0,0.11227682,0.89708035,0.05405768
low_signal_morphology_stress,0.10,cost_calibrated_failure_predictive_morphology_v5,0,0.4722222222222222,1.0,0.0,0.048911154411764704,0.9481486691176471,0.039141198529411766
low_signal_morphology_stress,0.10,cost_calibrated_failure_predictive_morphology_v5,1,0.5069444444444444,0.726027397260274,0.23972602739726026,0.13147750684931506,0.31776449315068495,0.03682463698630137
low_signal_morphology_stress,0.10,cost_calibrated_failure_predictive_morphology_v5,2,0.3472222222222222,1.0,0.0,0.09886727000000001,0.92280809,0.01774401
low_signal_morphology_stress,0.10,cost_calibrated_failure_predictive_morphology_v5,3,0.8298611111111112,0.8200836820083682,0.0,0.08045382426778243,0.7229951464435146,0.038533071129707115
low_signal_morphology_stress,0.10,cost_calibrated_failure_predictive_morphology_v5,4,0.7222222222222222,0.8269230769230769,0.17307692307692307,0.11495633173076923,0.5113474134615384,0.04168883653846154
low_signal_morphology_stress,0.10,cost_calibrated_failure_predictive_morphology_v5,5,0.8263888888888888,0.9831932773109243,0.08403361344537816,0.07254126470588235,0.8101985672268908,0.03816403361344538
low_signal_morphology_stress,0.10,cost_calibrated_failure_predictive_morphology_v5,6,0.20833333333333334,0.9833333333333333,0.0,0.0595264,0.9081512666666667,0.044844916666666665
low_signal_morphology_stress,0.10,cost_calibrated_failure_predictive_morphology_v5,7,0.6597222222222222,0.8052631578947368,0.0,0.08526685263157895,0.7287662315789474,0.03735581052631579
low_signal_morphology_stress,0.10,cost_calibrated_failure_predictive_morphology_v5,8,0.5381944444444444,0.8258064516129032,0.15483870967741936,0.0688925935483871,0.561860935483871,0.0492718064516129
low_signal_morphology_stress,0.10,cost_calibrated_failure_predictive_morphology_v5,9,0.5659722222222222,0.7791411042944786,0.0,0.05339993865030675,0.7221665030674846,0.04354358282208589
low_signal_morphology_stress,0.10,meta_adaptive_mpc,0,0.23958333333333334,0.8260869565217391,0.17391304347826086,0.09314931884057971,0.524839652173913,0.04144784057971015
low_signal_morphology_stress,0.10,meta_adaptive_mpc,1,0.25,1.0,0.0,0.09977738888888889,0.9171861527777778,0.0288215
low_signal_morphology_stress,0.10,meta_adaptive_mpc,2,0.53125,0.8104575163398693,0.0,0.09175038562091503,0.7203370130718955,0.05754496732026144
low_signal_morphology_stress,0.10,meta_adaptive_mpc,3,0.3402777777777778,1.0,0.0,0.06465234693877552,0.9356858877551021,0.04234995918367347
low_signal_morphology_stress,0.10,meta_adaptive_mpc,4,0.4270833333333333,1.0,0.0,0.06462317886178862,0.9395797804878049,0.033742243902439024
low_signal_morphology_stress,0.10,meta_adaptive_mpc,5,0.7048611111111112,1.0,0.0,0.08948147290640394,0.9154560788177339,0.048681950738916256
low_signal_morphology_stress,0.10,meta_adaptive_mpc,6,0.2916666666666667,1.0,0.0,0.11716422619047619,0.8933227738095239,0.05480496428571428
low_signal_morphology_stress,0.10,meta_adaptive_mpc,7,0.3993055555555556,0.6782608695652174,0.0,0.08261830434782609,0.5988925217391304,0.047856721739130435
low_signal_morphology_stress,0.10,meta_adaptive_mpc,8,0.3506944444444444,0.7524752475247525,0.0,0.061090039603960394,0.683845900990099,0.05748067326732673
low_signal_morphology_stress,0.10,meta_adaptive_mpc,9,0.5451388888888888,0.7707006369426752,0.18471337579617833,0.11835959872611465,0.43929526751592357,0.03924874522292993
low_signal_morphology_stress,0.10,online_system_identification,0,0.5347222222222222,1.0,0.05844155844155844,0.07827498051948052,0.8462618571428572,0.057541694805194804
low_signal_morphology_stress,0.10,online_system_identification,1,0.5243055555555556,0.7748344370860927,0.0,0.08088554304635762,0.6936859933774835,0.054507880794701986
low_signal_morphology_stress,0.10,online_system_identification,2,0.3090277777777778,1.0,0.033707865168539325,0.07151275280898876,0.8864579550561797,0.047440629213483146
low_signal_morphology_stress,0.10,online_system_identification,3,0.3055555555555556,0.45454545454545453,0.0,0.09536089772727273,0.37061676136363636,0.038169102272727275
low_signal_morphology_stress,0.10,online_system_identification,4,0.6423611111111112,0.8486486486486486,0.0,0.05545609189189189,0.7847895837837838,0.05564398918918919
low_signal_morphology_stress,0.10,online_system_identification,5,0.3020833333333333,1.0,0.0,0.06601596551724138,0.9292316436781609,0.05457151724137931
low_signal_morphology_stress,0.10,online_system_identification,6,0.2361111111111111,1.0,0.0,0.06474680882352941,0.9353482058823529,0.042953220588235294
low_signal_morphology_stress,0.10,online_system_identification,7,0.375,0.9907407407407407,0.0,0.06208507407407407,0.9226217129629629,0.03833790740740741
low_signal_morphology_stress,0.10,online_system_identification,8,0.4895833333333333,1.0,0.0,0.04191450354609929,0.9502154609929078,0.045431893617021275
low_signal_morphology_stress,0.10,online_system_identification,9,0.6354166666666666,1.0,0.06557377049180328,0.046377245901639344,0.859073650273224,0.058877950819672134
low_signal_morphology_stress,0.10,risk_aware_intervention_policy,0,0.5972222222222222,0.9941860465116279,0.0,0.1360931511627907,0.8813973081395349,0.03894120930232558
low_signal_morphology_stress,0.10,risk_aware_intervention_policy,1,0.4340277777777778,1.0,0.0,0.086763992,0.914904768,0.054134328
low_signal_morphology_stress,0.10,risk_aware_intervention_policy,2,0.8125,0.7606837606837606,0.0,0.13842515384615384,0.4510953076923077,0.06238999572649573
low_signal_morphology_stress,0.10,risk_aware_intervention_policy,3,0.8298611111111112,0.9205020920502092,0.0,0.16748508368200837,0.7247531129707113,0.03313583263598326
low_signal_morphology_stress,0.10,risk_aware_intervention_policy,4,0.6284722222222222,0.7403314917127072,0.0,0.12877838674033149,0.6281410552486187,0.0489901270718232
low_signal_morphology_stress,0.10,risk_aware_intervention_policy,5,0.2708333333333333,0.9230769230769231,0.0,0.10192117948717949,0.8029746794871795,0.06276558974358974
low_signal_morphology_stress,0.10,risk_aware_intervention_policy,6,0.6840277777777778,0.8324873096446701,0.005076142131979695,0.13824392893401016,0.6122764873096447,0.05265301015228426
low_signal_morphology_stress,0.10,risk_aware_intervention_policy,7,0.6319444444444444,0.3626373626373626,0.06043956043956044,0.17091935164835165,0.13260086813186814,0.048126076923076924
low_signal_morphology_stress,0.10,risk_aware_intervention_policy,8,0.7222222222222222,0.8413461538461539,0.0,0.18239629326923076,0.5774334375,0.02069383653846154
low_signal_morphology_stress,0.10,risk_aware_intervention_policy,9,0.75,0.9166666666666666,0.0,0.16643780092592592,0.7172702407407407,0.03605187037037037
low_signal_morphology_stress,0.15,conformal_risk_shield,0,0.8298611111111112,0.6317991631799164,0.0,0.20773128451882844,0.28644258158995817,0.05752475313807531
low_signal_morphology_stress,0.15,conformal_risk_shield,1,0.7048611111111112,0.7093596059113301,0.0,0.22175520197044335,0.44251577339901477,0.03785316256157636
low_signal_morphology_stress,0.15,conformal_risk_shield,2,0.5659722222222222,0.558282208588957,0.018404907975460124,0.25095714110429446,0.12797054601226995,0.052467134969325153
low_signal_morphology_stress,0.15,conformal_risk_shield,3,0.7118055555555556,0.4682926829268293,0.0,0.25365231219512197,-0.009095780487804883,0.041902663414634146
low_signal_morphology_stress,0.15,conformal_risk_shield,4,0.6909722222222222,0.7638190954773869,0.0,0.21557292462311559,0.3951500703517588,0.06405161306532663
low_signal_morphology_stress,0.15,conformal_risk_shield,5,0.7951388888888888,0.7248908296943232,0.0,0.18278369868995634,0.458556943231441,0.05133657205240175
low_signal_morphology_stress,0.15,conformal_risk_shield,6,0.8958333333333334,0.6976744186046512,0.031007751937984496,0.2011651046511628,0.48535751162790697,0.04725638372093023
low_signal_morphology_stress,0.15,conformal_risk_shield,7,0.75,0.7407407407407407,0.0,0.2329133611111111,0.3555143009259259,0.04930465740740741
low_signal_morphology_stress,0.15,conformal_risk_shield,8,0.6944444444444444,0.525,0.0,0.2820704,-0.06959194,0.03809483
low_signal_morphology_stress,0.15,conformal_risk_shield,9,0.6979166666666666,0.6119402985074627,0.0,0.25624903482587064,0.10717655223880597,0.033203666666666666
low_signal_morphology_stress,0.15,constraint_aware_mpc,0,0.7777777777777778,0.8392857142857143,0.11160714285714286,0.16822779017857142,0.5702358571428572,0.026181040178571428
low_signal_morphology_stress,0.15,constraint_aware_mpc,1,0.5694444444444444,0.7439024390243902,0.25609756097560976,0.17645757926829267,0.2896979390243902,0.02347158536585366
low_signal_morphology_stress,0.15,constraint_aware_mpc,2,0.6701388888888888,0.48186528497409326,0.0,0.14663373575129535,0.3578806528497409,0.03821321243523316
low_signal_morphology_stress,0.15,constraint_aware_mpc,3,0.6111111111111112,1.0,0.03977272727272727,0.15349115340909092,0.8273958977272727,0.03432086931818182
low_signal_morphology_stress,0.15,constraint_aware_mpc,4,0.5381944444444444,0.9935483870967742,0.0,0.14232423870967742,0.8774462774193549,0.025141941935483872
low_signal_morphology_stress,0.15,constraint_aware_mpc,5,0.2916666666666667,1.0,0.0,0.1309367261904762,0.8978718452380953,0.023272035714285714
low_signal_morphology_stress,0.15,constraint_aware_mpc,6,0.4652777777777778,1.0,0.0,0.10937973880597016,0.9059909776119403,0.03876273880597015
low_signal_morphology_stress,0.15,constraint_aware_mpc,7,0.8923611111111112,1.0,0.0,0.14184167704280157,0.8857156770428015,0.03332253307392996
low_signal_morphology_stress,0.15,constraint_aware_mpc,8,0.6215277777777778,0.7486033519553073,0.0,0.11612586033519554,0.644196374301676,0.05137531284916201
low_signal_morphology_stress,0.15,constraint_aware_mpc,9,0.375,1.0,0.0,0.1140705462962963,0.8957150462962963,0.054301416666666665
low_signal_morphology_stress,0.15,cost_calibrated_failure_predictive_morphology_v5,0,0.7048611111111112,0.9753694581280788,0.06403940886699508,0.1030585763546798,0.811379,0.02622267487684729
low_signal_morphology_stress,0.15,cost_calibrated_failure_predictive_morphology_v5,1,0.7847222222222222,0.6238938053097345,0.1592920353982301,0.15877946460176992,0.302818814159292,0.024031800884955754
low_signal_morphology_stress,0.15,cost_calibrated_failure_predictive_morphology_v5,2,0.6527777777777778,0.9361702127659575,0.0,0.13964625,0.8341706223404255,0.009438303191489361
low_signal_morphology_stress,0.15,cost_calibrated_failure_predictive_morphology_v5,3,0.9861111111111112,0.7605633802816901,0.0,0.10824418309859155,0.5780974647887324,0.036786982394366195
low_signal_morphology_stress,0.15,cost_calibrated_failure_predictive_morphology_v5,4,0.8993055555555556,0.806949806949807,0.14671814671814673,0.13199879922779922,0.5158133590733591,0.034087814671814674
low_signal_morphology_stress,0.15,cost_calibrated_failure_predictive_morphology_v5,5,0.8993055555555556,0.9111969111969112,0.07722007722007722,0.08478516216216216,0.7395408532818533,0.03506965250965251
low_signal_morphology_stress,0.15,cost_calibrated_failure_predictive_morphology_v5,6,0.4479166666666667,0.6744186046511628,0.0,0.15579237984496125,0.4413564496124031,0.027510093023255813
low_signal_morphology_stress,0.15,cost_calibrated_failure_predictive_morphology_v5,7,0.875,0.8531746031746031,0.0,0.10941291666666667,0.76391125,0.02816509523809524
low_signal_morphology_stress,0.15,cost_calibrated_failure_predictive_morphology_v5,8,0.6666666666666666,0.8125,0.2760416666666667,0.111097046875,0.36849509375,0.047077515625000003
low_signal_morphology_stress,0.15,cost_calibrated_failure_predictive_morphology_v5,9,0.7777777777777778,0.7678571428571429,0.0,0.09240844196428571,0.6889126473214285,0.031685732142857144
low_signal_morphology_stress,0.15,meta_adaptive_mpc,0,0.6354166666666666,0.8142076502732241,0.10382513661202186,0.1648945573770492,0.47760524043715846,0.022315497267759565
low_signal_morphology_stress,0.15,meta_adaptive_mpc,1,0.5590277777777778,1.0,0.0,0.13701475155279502,0.8982895652173913,0.01288911801242236
low_signal_morphology_stress,0.15,meta_adaptive_mpc,2,0.625,0.8,0.0,0.10530683888888889,0.6921175555555555,0.05617508888888889
low_signal_morphology_stress,0.15,meta_adaptive_mpc,3,0.7430555555555556,0.9485981308411215,0.09813084112149532,0.13646915420560748,0.7139577943925234,0.01993722429906542
low_signal_morphology_stress,0.15,meta_adaptive_mpc,4,0.5833333333333334,0.9940476190476191,0.09523809523809523,0.10324783333333333,0.7916096607142857,0.02470414285714286
low_signal_morphology_stress,0.15,meta_adaptive_mpc,5,0.875,1.0,0.0,0.10514812301587302,0.907759757936508,0.04141454365079365
low_signal_morphology_stress,0.15,meta_adaptive_mpc,6,0.4270833333333333,0.983739837398374,0.0,0.13084932520325204,0.8693693008130081,0.05061336585365854
low_signal_morphology_stress,0.15,meta_adaptive_mpc,7,0.75,0.7870370370370371,0.0,0.12635934722222222,0.6856157962962963,0.0288215
low_signal_morphology_stress,0.15,meta_adaptive_mpc,8,0.46875,0.6148148148148148,0.08888888888888889,0.11920648888888889,0.3078613851851852,0.05224191851851852
low_signal_morphology_stress,0.15,meta_adaptive_mpc,9,0.9722222222222222,0.8714285714285714,0.10357142857142858,0.13803851071428572,0.6353321571428572,0.022233728571428572
low_signal_morphology_stress,0.15,online_system_identification,0,0.6597222222222222,0.9473684210526315,0.04736842105263158,0.09652952631578947,0.7856938368421053,0.049470784210526315
low_signal_morphology_stress,0.15,online_system_identification,1,0.7743055555555556,0.8385650224215246,0.0,0.10506262331838565,0.7472653139013453,0.039457461883408075
low_signal_morphology_stress,0.15,online_system_identification,2,0.6111111111111112,0.9602272727272727,0.16477272727272727,0.13609523295454545,0.6112767897727273,0.03533272159090909
low_signal_morphology_stress,0.15,online_system_identification,3,0.4513888888888889,0.5923076923076923,0.0,0.11271606923076923,0.5017795384615384,0.025837546153846154
low_signal_morphology_stress,0.15,online_system_identification,4,0.7569444444444444,0.8623853211009175,0.0,0.07153818348623853,0.782701,0.049484724770642204
low_signal_morphology_stress,0.15,online_system_identification,5,0.5347222222222222,0.8896103896103896,0.012987012987012988,0.10922136363636363,0.7785275649350649,0.04087583766233766
low_signal_morphology_stress,0.15,online_system_identification,6,0.5243055555555556,1.0,0.0,0.11269384768211921,0.9114702582781457,0.02143116556291391
low_signal_morphology_stress,0.15,online_system_identification,7,0.5763888888888888,0.8493975903614458,0.0,0.11128731927710843,0.6504343614457831,0.03341777108433735
low_signal_morphology_stress,0.15,online_system_identification,8,0.7604166666666666,1.0,0.0,0.08198990410958905,0.9294442328767123,0.029250671232876713
low_signal_morphology_stress,0.15,online_system_identification,9,0.7673611111111112,1.0,0.05429864253393665,0.06552423529411765,0.8640687963800905,0.049313235294117644
low_signal_morphology_stress,0.15,risk_aware_intervention_policy,0,0.8298611111111112,0.7489539748953975,0.0,0.18746371548117155,0.48783374476987446,0.028312933054393304
low_signal_morphology_stress,0.15,risk_aware_intervention_policy,1,0.6041666666666666,0.8275862068965517,0.0,0.15213137931034482,0.5656628793103449,0.03888960344827586
low_signal_morphology_stress,0.15,risk_aware_intervention_policy,2,0.8958333333333334,0.689922480620155,0.0,0.1595738565891473,0.30882108914728684,0.061198368217054266
low_signal_morphology_stress,0.15,risk_aware_intervention_policy,3,1.0,0.875,0.0,0.18252654513888888,0.6331339756944444,0.03132773611111111
low_signal_morphology_stress,0.15,risk_aware_intervention_policy,4,0.8611111111111112,0.592741935483871,0.0,0.1691994435483871,0.404225,0.041032060483870966
low_signal_morphology_stress,0.15,risk_aware_intervention_policy,5,0.5868055555555556,0.4260355029585799,0.0,0.23578994082840238,-0.06915431952662722,0.039357396449704145
low_signal_morphology_stress,0.15,risk_aware_intervention_policy,6,0.9027777777777778,0.6653846153846154,0.08461538461538462,0.17902135384615384,0.3041067730769231,0.043165353846153845
low_signal_morphology_stress,0.15,risk_aware_intervention_policy,7,0.8472222222222222,0.2786885245901639,0.045081967213114756,0.2088014918032787,-0.058011516393442625,0.035897319672131146
low_signal_morphology_stress,0.15,risk_aware_intervention_policy,8,0.7951388888888888,0.7685589519650655,0.039301310043668124,0.20453633187772927,0.398432519650655,0.01969953711790393
low_signal_morphology_stress,0.15,risk_aware_intervention_policy,9,0.9965277777777778,0.7526132404181185,0.0,0.20548225435540068,0.39329107665505225,0.03905603484320558
